{
    "packages": [
        {
            "name": "composer/pcre",
            "version": "3.3.2",
            "version_normalized": "3.3.2.0",
            "source": {
                "type": "git",
                "url": "https://github.com/composer/pcre.git",
                "reference": "b2bed4734f0cc156ee1fe9c0da2550420d99a21e"
            },
            "dist": {
                "type": "zip",
                "url": "https://api.github.com/repos/composer/pcre/zipball/b2bed4734f0cc156ee1fe9c0da2550420d99a21e",
                "reference": "b2bed4734f0cc156ee1fe9c0da2550420d99a21e",
                "shasum": ""
            },
            "require": {
                "php": "^7.4 || ^8.0"
            },
            "conflict": {
                "phpstan/phpstan": "<1.11.10"
            },
            "require-dev": {
                "phpstan/phpstan": "^1.12 || ^2",
                "phpstan/phpstan-strict-rules": "^1 || ^2",
                "phpunit/phpunit": "^8 || ^9"
            },
            "time": "2024-11-12T16:29:46+00:00",
            "type": "library",
            "extra": {
                "phpstan": {
                    "includes": [
                        "extension.neon"
                    ]
                },
                "branch-alias": {
                    "dev-main": "3.x-dev"
                }
            },
            "installation-source": "dist",
            "autoload": {
                "psr-4": {
                    "Composer\\Pcre\\": "src"
                }
            },
            "notification-url": "https://packagist.org/downloads/",
            "license": [
                "MIT"
            ],
            "authors": [
                {
                    "name": "Jordi Boggiano",
                    "email": "j.boggiano@seld.be",
                    "homepage": "http://seld.be"
                }
            ],
            "description": "PCRE wrapping library that offers type-safe preg_* replacements.",
            "keywords": [
                "PCRE",
                "preg",
                "regex",
                "regular expression"
            ],
            "support": {
                "issues": "https://github.com/composer/pcre/issues",
                "source": "https://github.com/composer/pcre/tree/3.3.2"
            },
            "funding": [
                {
                    "url": "https://packagist.com",
                    "type": "custom"
                },
                {
                    "url": "https://github.com/composer",
                    "type": "github"
                },
                {
                    "url": "https://tidelift.com/funding/github/packagist/composer/composer",
                    "type": "tidelift"
                }
            ],
            "install-path": "./pcre"
        },
        {
            "name": "maennchen/zipstream-php",
            "version": "3.1.2",
            "version_normalized": "3.1.2.0",
            "source": {
                "type": "git",
                "url": "https://github.com/maennchen/ZipStream-PHP.git",
                "reference": "aeadcf5c412332eb426c0f9b4485f6accba2a99f"
            },
            "dist": {
                "type": "zip",
                "url": "https://api.github.com/repos/maennchen/ZipStream-PHP/zipball/aeadcf5c412332eb426c0f9b4485f6accba2a99f",
                "reference": "aeadcf5c412332eb426c0f9b4485f6accba2a99f",
                "shasum": ""
            },
            "require": {
                "ext-mbstring": "*",
                "ext-zlib": "*",
                "php-64bit": "^8.2"
            },
            "require-dev": {
                "brianium/paratest": "^7.7",
                "ext-zip": "*",
                "friendsofphp/php-cs-fixer": "^3.16",
                "guzzlehttp/guzzle": "^7.5",
                "mikey179/vfsstream": "^1.6",
                "php-coveralls/php-coveralls": "^2.5",
                "phpunit/phpunit": "^11.0",
                "vimeo/psalm": "^6.0"
            },
            "suggest": {
                "guzzlehttp/psr7": "^2.4",
                "psr/http-message": "^2.0"
            },
            "time": "2025-01-27T12:07:53+00:00",
            "type": "library",
            "installation-source": "dist",
            "autoload": {
                "psr-4": {
                    "ZipStream\\": "src/"
                }
            },
            "notification-url": "https://packagist.org/downloads/",
            "license": [
                "MIT"
            ],
            "authors": [
                {
                    "name": "Paul Duncan",
                    "email": "pabs@pablotron.org"
                },
                {
                    "name": "Jonatan Männchen",
                    "email": "jonatan@maennchen.ch"
                },
                {
                    "name": "Jesse Donat",
                    "email": "donatj@gmail.com"
                },
                {
                    "name": "András Kolesár",
                    "email": "kolesar@kolesar.hu"
                }
            ],
            "description": "ZipStream is a library for dynamically streaming dynamic zip files from PHP without writing to the disk at all on the server.",
            "keywords": [
                "stream",
                "zip"
            ],
            "support": {
                "issues": "https://github.com/maennchen/ZipStream-PHP/issues",
                "source": "https://github.com/maennchen/ZipStream-PHP/tree/3.1.2"
            },
            "funding": [
                {
                    "url": "https://github.com/maennchen",
                    "type": "github"
                }
            ],
            "install-path": "../maennchen/zipstream-php"
        },
        {
            "name": "markbaker/complex",
            "version": "3.0.2",
            "version_normalized": "3.0.2.0",
            "source": {
                "type": "git",
                "url": "https://github.com/MarkBaker/PHPComplex.git",
                "reference": "95c56caa1cf5c766ad6d65b6344b807c1e8405b9"
            },
            "dist": {
                "type": "zip",
                "url": "https://api.github.com/repos/MarkBaker/PHPComplex/zipball/95c56caa1cf5c766ad6d65b6344b807c1e8405b9",
                "reference": "95c56caa1cf5c766ad6d65b6344b807c1e8405b9",
                "shasum": ""
            },
            "require": {
                "php": "^7.2 || ^8.0"
            },
            "require-dev": {
                "dealerdirect/phpcodesniffer-composer-installer": "dev-master",
                "phpcompatibility/php-compatibility": "^9.3",
                "phpunit/phpunit": "^7.0 || ^8.0 || ^9.0",
                "squizlabs/php_codesniffer": "^3.7"
            },
            "time": "2022-12-06T16:21:08+00:00",
            "type": "library",
            "installation-source": "dist",
            "autoload": {
                "psr-4": {
                    "Complex\\": "classes/src/"
                }
            },
            "notification-url": "https://packagist.org/downloads/",
            "license": [
                "MIT"
            ],
            "authors": [
                {
                    "name": "Mark Baker",
                    "email": "mark@lange.demon.co.uk"
                }
            ],
            "description": "PHP Class for working with complex numbers",
            "homepage": "https://github.com/MarkBaker/PHPComplex",
            "keywords": [
                "complex",
                "mathematics"
            ],
            "support": {
                "issues": "https://github.com/MarkBaker/PHPComplex/issues",
                "source": "https://github.com/MarkBaker/PHPComplex/tree/3.0.2"
            },
            "install-path": "../markbaker/complex"
        },
        {
            "name": "markbaker/matrix",
            "version": "3.0.1",
            "version_normalized": "3.0.1.0",
            "source": {
                "type": "git",
                "url": "https://github.com/MarkBaker/PHPMatrix.git",
                "reference": "728434227fe21be27ff6d86621a1b13107a2562c"
            },
            "dist": {
                "type": "zip",
                "url": "https://api.github.com/repos/MarkBaker/PHPMatrix/zipball/728434227fe21be27ff6d86621a1b13107a2562c",
                "reference": "728434227fe21be27ff6d86621a1b13107a2562c",
                "shasum": ""
            },
            "require": {
                "php": "^7.1 || ^8.0"
            },
            "require-dev": {
                "dealerdirect/phpcodesniffer-composer-installer": "dev-master",
                "phpcompatibility/php-compatibility": "^9.3",
                "phpdocumentor/phpdocumentor": "2.*",
                "phploc/phploc": "^4.0",
                "phpmd/phpmd": "2.*",
                "phpunit/phpunit": "^7.0 || ^8.0 || ^9.0",
                "sebastian/phpcpd": "^4.0",
                "squizlabs/php_codesniffer": "^3.7"
            },
            "time": "2022-12-02T22:17:43+00:00",
            "type": "library",
            "installation-source": "dist",
            "autoload": {
                "psr-4": {
                    "Matrix\\": "classes/src/"
                }
            },
            "notification-url": "https://packagist.org/downloads/",
            "license": [
                "MIT"
            ],
            "authors": [
                {
                    "name": "Mark Baker",
                    "email": "mark@demon-angel.eu"
                }
            ],
            "description": "PHP Class for working with matrices",
            "homepage": "https://github.com/MarkBaker/PHPMatrix",
            "keywords": [
                "mathematics",
                "matrix",
                "vector"
            ],
            "support": {
                "issues": "https://github.com/MarkBaker/PHPMatrix/issues",
                "source": "https://github.com/MarkBaker/PHPMatrix/tree/3.0.1"
            },
            "install-path": "../markbaker/matrix"
        },
        {
            "name": "phpmailer/phpmailer",
            "version": "v6.10.0",
            "version_normalized": "6.10.0.0",
            "source": {
                "type": "git",
                "url": "https://github.com/PHPMailer/PHPMailer.git",
                "reference": "bf74d75a1fde6beaa34a0ddae2ec5fce0f72a144"
            },
            "dist": {
                "type": "zip",
                "url": "https://api.github.com/repos/PHPMailer/PHPMailer/zipball/bf74d75a1fde6beaa34a0ddae2ec5fce0f72a144",
                "reference": "bf74d75a1fde6beaa34a0ddae2ec5fce0f72a144",
                "shasum": ""
            },
            "require": {
                "ext-ctype": "*",
                "ext-filter": "*",
                "ext-hash": "*",
                "php": ">=5.5.0"
            },
            "require-dev": {
                "dealerdirect/phpcodesniffer-composer-installer": "^1.0",
                "doctrine/annotations": "^1.2.6 || ^1.13.3",
                "php-parallel-lint/php-console-highlighter": "^1.0.0",
                "php-parallel-lint/php-parallel-lint": "^1.3.2",
                "phpcompatibility/php-compatibility": "^9.3.5",
                "roave/security-advisories": "dev-latest",
                "squizlabs/php_codesniffer": "^3.7.2",
                "yoast/phpunit-polyfills": "^1.0.4"
            },
            "suggest": {
                "decomplexity/SendOauth2": "Adapter for using XOAUTH2 authentication",
                "ext-mbstring": "Needed to send email in multibyte encoding charset or decode encoded addresses",
                "ext-openssl": "Needed for secure SMTP sending and DKIM signing",
                "greew/oauth2-azure-provider": "Needed for Microsoft Azure XOAUTH2 authentication",
                "hayageek/oauth2-yahoo": "Needed for Yahoo XOAUTH2 authentication",
                "league/oauth2-google": "Needed for Google XOAUTH2 authentication",
                "psr/log": "For optional PSR-3 debug logging",
                "symfony/polyfill-mbstring": "To support UTF-8 if the Mbstring PHP extension is not enabled (^1.2)",
                "thenetworg/oauth2-azure": "Needed for Microsoft XOAUTH2 authentication"
            },
            "time": "2025-04-24T15:19:31+00:00",
            "type": "library",
            "installation-source": "source",
            "autoload": {
                "psr-4": {
                    "PHPMailer\\PHPMailer\\": "src/"
                }
            },
            "notification-url": "https://packagist.org/downloads/",
            "license": [
                "LGPL-2.1-only"
            ],
            "authors": [
                {
                    "name": "Marcus Bointon",
                    "email": "phpmailer@synchromedia.co.uk"
                },
                {
                    "name": "Jim Jagielski",
                    "email": "jimjag@gmail.com"
                },
                {
                    "name": "Andy Prevost",
                    "email": "codeworxtech@users.sourceforge.net"
                },
                {
                    "name": "Brent R. Matzelle"
                }
            ],
            "description": "PHPMailer is a full-featured email creation and transfer class for PHP",
            "support": {
                "issues": "https://github.com/PHPMailer/PHPMailer/issues",
                "source": "https://github.com/PHPMailer/PHPMailer/tree/v6.10.0"
            },
            "funding": [
                {
                    "url": "https://github.com/Synchro",
                    "type": "github"
                }
            ],
            "install-path": "../phpmailer/phpmailer"
        },
        {
            "name": "phpoffice/phpspreadsheet",
            "version": "4.4.0",
            "version_normalized": "4.4.0.0",
            "source": {
                "type": "git",
                "url": "https://github.com/PHPOffice/PhpSpreadsheet.git",
                "reference": "747ccd1b443e85e0cfc0d52acf50e4d15ef959eb"
            },
            "dist": {
                "type": "zip",
                "url": "https://api.github.com/repos/PHPOffice/PhpSpreadsheet/zipball/747ccd1b443e85e0cfc0d52acf50e4d15ef959eb",
                "reference": "747ccd1b443e85e0cfc0d52acf50e4d15ef959eb",
                "shasum": ""
            },
            "require": {
                "composer/pcre": "^1||^2||^3",
                "ext-ctype": "*",
                "ext-dom": "*",
                "ext-fileinfo": "*",
                "ext-gd": "*",
                "ext-iconv": "*",
                "ext-libxml": "*",
                "ext-mbstring": "*",
                "ext-simplexml": "*",
                "ext-xml": "*",
                "ext-xmlreader": "*",
                "ext-xmlwriter": "*",
                "ext-zip": "*",
                "ext-zlib": "*",
                "maennchen/zipstream-php": "^2.1 || ^3.0",
                "markbaker/complex": "^3.0",
                "markbaker/matrix": "^3.0",
                "php": "^8.1",
                "psr/http-client": "^1.0",
                "psr/http-factory": "^1.0",
                "psr/simple-cache": "^1.0 || ^2.0 || ^3.0"
            },
            "require-dev": {
                "dealerdirect/phpcodesniffer-composer-installer": "dev-main",
                "dompdf/dompdf": "^2.0 || ^3.0",
                "friendsofphp/php-cs-fixer": "^3.2",
                "mitoteam/jpgraph": "^10.3",
                "mpdf/mpdf": "^8.1.1",
                "phpcompatibility/php-compatibility": "^9.3",
                "phpstan/phpstan": "^1.1 || ^2.0",
                "phpstan/phpstan-deprecation-rules": "^1.0 || ^2.0",
                "phpstan/phpstan-phpunit": "^1.0 || ^2.0",
                "phpunit/phpunit": "^10.5",
                "squizlabs/php_codesniffer": "^3.7",
                "tecnickcom/tcpdf": "^6.5"
            },
            "suggest": {
                "dompdf/dompdf": "Option for rendering PDF with PDF Writer",
                "ext-intl": "PHP Internationalization Functions",
                "mitoteam/jpgraph": "Option for rendering charts, or including charts with PDF or HTML Writers",
                "mpdf/mpdf": "Option for rendering PDF with PDF Writer",
                "tecnickcom/tcpdf": "Option for rendering PDF with PDF Writer"
            },
            "time": "2025-06-23T01:23:23+00:00",
            "type": "library",
            "installation-source": "dist",
            "autoload": {
                "psr-4": {
                    "PhpOffice\\PhpSpreadsheet\\": "src/PhpSpreadsheet"
                }
            },
            "notification-url": "https://packagist.org/downloads/",
            "license": [
                "MIT"
            ],
            "authors": [
                {
                    "name": "Maarten Balliauw",
                    "homepage": "https://blog.maartenballiauw.be"
                },
                {
                    "name": "Mark Baker",
                    "homepage": "https://markbakeruk.net"
                },
                {
                    "name": "Franck Lefevre",
                    "homepage": "https://rootslabs.net"
                },
                {
                    "name": "Erik Tilt"
                },
                {
                    "name": "Adrien Crivelli"
                }
            ],
            "description": "PHPSpreadsheet - Read, Create and Write Spreadsheet documents in PHP - Spreadsheet engine",
            "homepage": "https://github.com/PHPOffice/PhpSpreadsheet",
            "keywords": [
                "OpenXML",
                "excel",
                "gnumeric",
                "ods",
                "php",
                "spreadsheet",
                "xls",
                "xlsx"
            ],
            "support": {
                "issues": "https://github.com/PHPOffice/PhpSpreadsheet/issues",
                "source": "https://github.com/PHPOffice/PhpSpreadsheet/tree/4.4.0"
            },
            "install-path": "../phpoffice/phpspreadsheet"
        },
        {
            "name": "psr/http-client",
            "version": "1.0.3",
            "version_normalized": "1.0.3.0",
            "source": {
                "type": "git",
                "url": "https://github.com/php-fig/http-client.git",
                "reference": "bb5906edc1c324c9a05aa0873d40117941e5fa90"
            },
            "dist": {
                "type": "zip",
                "url": "https://api.github.com/repos/php-fig/http-client/zipball/bb5906edc1c324c9a05aa0873d40117941e5fa90",
                "reference": "bb5906edc1c324c9a05aa0873d40117941e5fa90",
                "shasum": ""
            },
            "require": {
                "php": "^7.0 || ^8.0",
                "psr/http-message": "^1.0 || ^2.0"
            },
            "time": "2023-09-23T14:17:50+00:00",
            "type": "library",
            "extra": {
                "branch-alias": {
                    "dev-master": "1.0.x-dev"
                }
            },
            "installation-source": "dist",
            "autoload": {
                "psr-4": {
                    "Psr\\Http\\Client\\": "src/"
                }
            },
            "notification-url": "https://packagist.org/downloads/",
            "license": [
                "MIT"
            ],
            "authors": [
                {
                    "name": "PHP-FIG",
                    "homepage": "https://www.php-fig.org/"
                }
            ],
            "description": "Common interface for HTTP clients",
            "homepage": "https://github.com/php-fig/http-client",
            "keywords": [
                "http",
                "http-client",
                "psr",
                "psr-18"
            ],
            "support": {
                "source": "https://github.com/php-fig/http-client"
            },
            "install-path": "../psr/http-client"
        },
        {
            "name": "psr/http-factory",
            "version": "1.1.0",
            "version_normalized": "1.1.0.0",
            "source": {
                "type": "git",
                "url": "https://github.com/php-fig/http-factory.git",
                "reference": "2b4765fddfe3b508ac62f829e852b1501d3f6e8a"
            },
            "dist": {
                "type": "zip",
                "url": "https://api.github.com/repos/php-fig/http-factory/zipball/2b4765fddfe3b508ac62f829e852b1501d3f6e8a",
                "reference": "2b4765fddfe3b508ac62f829e852b1501d3f6e8a",
                "shasum": ""
            },
            "require": {
                "php": ">=7.1",
                "psr/http-message": "^1.0 || ^2.0"
            },
            "time": "2024-04-15T12:06:14+00:00",
            "type": "library",
            "extra": {
                "branch-alias": {
                    "dev-master": "1.0.x-dev"
                }
            },
            "installation-source": "dist",
            "autoload": {
                "psr-4": {
                    "Psr\\Http\\Message\\": "src/"
                }
            },
            "notification-url": "https://packagist.org/downloads/",
            "license": [
                "MIT"
            ],
            "authors": [
                {
                    "name": "PHP-FIG",
                    "homepage": "https://www.php-fig.org/"
                }
            ],
            "description": "PSR-17: Common interfaces for PSR-7 HTTP message factories",
            "keywords": [
                "factory",
                "http",
                "message",
                "psr",
                "psr-17",
                "psr-7",
                "request",
                "response"
            ],
            "support": {
                "source": "https://github.com/php-fig/http-factory"
            },
            "install-path": "../psr/http-factory"
        },
        {
            "name": "psr/http-message",
            "version": "2.0",
            "version_normalized": "2.0.0.0",
            "source": {
                "type": "git",
                "url": "https://github.com/php-fig/http-message.git",
                "reference": "402d35bcb92c70c026d1a6a9883f06b2ead23d71"
            },
            "dist": {
                "type": "zip",
                "url": "https://api.github.com/repos/php-fig/http-message/zipball/402d35bcb92c70c026d1a6a9883f06b2ead23d71",
                "reference": "402d35bcb92c70c026d1a6a9883f06b2ead23d71",
                "shasum": ""
            },
            "require": {
                "php": "^7.2 || ^8.0"
            },
            "time": "2023-04-04T09:54:51+00:00",
            "type": "library",
            "extra": {
                "branch-alias": {
                    "dev-master": "2.0.x-dev"
                }
            },
            "installation-source": "dist",
            "autoload": {
                "psr-4": {
                    "Psr\\Http\\Message\\": "src/"
                }
            },
            "notification-url": "https://packagist.org/downloads/",
            "license": [
                "MIT"
            ],
            "authors": [
                {
                    "name": "PHP-FIG",
                    "homepage": "https://www.php-fig.org/"
                }
            ],
            "description": "Common interface for HTTP messages",
            "homepage": "https://github.com/php-fig/http-message",
            "keywords": [
                "http",
                "http-message",
                "psr",
                "psr-7",
                "request",
                "response"
            ],
            "support": {
                "source": "https://github.com/php-fig/http-message/tree/2.0"
            },
            "install-path": "../psr/http-message"
        },
        {
            "name": "psr/simple-cache",
            "version": "3.0.0",
            "version_normalized": "3.0.0.0",
            "source": {
                "type": "git",
                "url": "https://github.com/php-fig/simple-cache.git",
                "reference": "764e0b3939f5ca87cb904f570ef9be2d78a07865"
            },
            "dist": {
                "type": "zip",
                "url": "https://api.github.com/repos/php-fig/simple-cache/zipball/764e0b3939f5ca87cb904f570ef9be2d78a07865",
                "reference": "764e0b3939f5ca87cb904f570ef9be2d78a07865",
                "shasum": ""
            },
            "require": {
                "php": ">=8.0.0"
            },
            "time": "2021-10-29T13:26:27+00:00",
            "type": "library",
            "extra": {
                "branch-alias": {
                    "dev-master": "3.0.x-dev"
                }
            },
            "installation-source": "dist",
            "autoload": {
                "psr-4": {
                    "Psr\\SimpleCache\\": "src/"
                }
            },
            "notification-url": "https://packagist.org/downloads/",
            "license": [
                "MIT"
            ],
            "authors": [
                {
                    "name": "PHP-FIG",
                    "homepage": "https://www.php-fig.org/"
                }
            ],
            "description": "Common interfaces for simple caching",
            "keywords": [
                "cache",
                "caching",
                "psr",
                "psr-16",
                "simple-cache"
            ],
            "support": {
                "source": "https://github.com/php-fig/simple-cache/tree/3.0.0"
            },
            "install-path": "../psr/simple-cache"
        }
    ],
    "dev": true,
    "dev-package-names": []
}
